"Time","POB","VPB 1","Core Load Switches","Payload Load Switches","Motor"
2026-03-17 09:00:00,-335 mWh,-4.36 Wh,-35.3 Wh,-4.84 Wh,0 Wh
2026-03-17 10:00:00,-1.24 Wh,-4.35 Wh,-35.9 Wh,-4.93 Wh,-44.3 Wh
2026-03-17 11:00:00,-3.23 Wh,-4.18 Wh,-33.8 Wh,-4.87 Wh,-86.3 Wh
2026-03-17 12:00:00,-3.32 Wh,-4.18 Wh,-25.4 Wh,-4.12 Wh,-90.6 Wh
2026-03-17 13:00:00,-2.99 Wh,-4.21 Wh,-24.9 Wh,-4.08 Wh,-91.6 Wh
2026-03-17 14:00:00,-3.28 Wh,-4.25 Wh,-25.1 Wh,-4.06 Wh,-103 Wh
2026-03-17 15:00:00,-3.40 Wh,-4.64 Wh,-25.3 Wh,-4.07 Wh,-107 Wh
2026-03-17 16:00:00,-3.56 Wh,-4.82 Wh,-24.8 Wh,-4.02 Wh,-129 Wh
2026-03-17 17:00:00,-3.30 Wh,-4.44 Wh,-24.8 Wh,-4.01 Wh,-79.3 Wh
2026-03-17 18:00:00,-3.36 Wh,-4.23 Wh,-25.2 Wh,-4.04 Wh,-119 Wh
2026-03-17 19:00:00,-3.23 Wh,-4.72 Wh,-24.0 Wh,-3.50 Wh,-40.2 Wh
2026-03-17 20:00:00,-317 mWh,-4.27 Wh,-26.9 Wh,-3.69 Wh,-535 mWh
2026-03-17 21:00:00,-300 mWh,-4.35 Wh,-26.6 Wh,-3.71 Wh,0 Wh
2026-03-17 22:00:00,-298 mWh,-4.27 Wh,-27.3 Wh,-3.68 Wh,0 Wh
2026-03-17 23:00:00,-294 mWh,-4.18 Wh,-27.3 Wh,-3.71 Wh,0 Wh
2026-03-18 00:00:00,-1.35 Wh,-4.25 Wh,-27.2 Wh,-3.69 Wh,-16.9 Wh
2026-03-18 01:00:00,-1.10 Wh,-4.25 Wh,-27.0 Wh,-3.69 Wh,-11.5 Wh
2026-03-18 02:00:00,-2.88 Wh,-4.14 Wh,-25.9 Wh,-3.60 Wh,-37.9 Wh
2026-03-18 03:00:00,-2.51 Wh,-4.25 Wh,-25.3 Wh,-3.54 Wh,-36.4 Wh
2026-03-18 04:00:00,-2.69 Wh,-4.20 Wh,-25.2 Wh,-3.53 Wh,-36.0 Wh
2026-03-18 05:00:00,-2.88 Wh,-4.21 Wh,-25.2 Wh,-3.53 Wh,-35.4 Wh
2026-03-18 06:00:00,-2.50 Wh,-4.22 Wh,-25.3 Wh,-3.53 Wh,-34.4 Wh
2026-03-18 07:00:00,-2.44 Wh,-4.16 Wh,-25.3 Wh,-3.53 Wh,-34.9 Wh
2026-03-18 08:00:00,-1.10 Wh,-4.22 Wh,-24.4 Wh,-3.59 Wh,-21.0 Wh
2026-03-18 09:00:00,-294 mWh,-4.19 Wh,-24.0 Wh,-3.69 Wh,0 Wh
2026-03-18 10:00:00,-298 mWh,-4.34 Wh,-24.0 Wh,-3.75 Wh,0 Wh
2026-03-18 11:00:00,-310 mWh,-4.74 Wh,-23.9 Wh,-3.72 Wh,0 Wh
2026-03-18 12:00:00,-1.84 Wh,-4.71 Wh,-24.0 Wh,-3.75 Wh,-19.3 Wh
2026-03-18 13:00:00,-3.09 Wh,-4.29 Wh,-23.6 Wh,-3.72 Wh,-35.0 Wh
2026-03-18 14:00:00,-3.12 Wh,-4.28 Wh,-24.0 Wh,-3.73 Wh,-35.1 Wh
2026-03-18 15:00:00,-2.87 Wh,-4.26 Wh,-23.5 Wh,-3.77 Wh,-33.4 Wh
2026-03-18 16:00:00,-3.07 Wh,-4.17 Wh,-25.5 Wh,-3.73 Wh,-34.7 Wh
2026-03-18 17:00:00,-2.16 Wh,-4.25 Wh,-26.3 Wh,-3.74 Wh,-23.6 Wh
2026-03-18 18:00:00,-316 mWh,-4.21 Wh,-26.2 Wh,-3.70 Wh,0 Wh
2026-03-18 19:00:00,-3.03 Wh,-4.50 Wh,-26.1 Wh,-3.69 Wh,-32.4 Wh
2026-03-18 20:00:00,-2.35 Wh,-4.39 Wh,-25.8 Wh,-3.67 Wh,-29.2 Wh
2026-03-18 21:00:00,-1.59 Wh,-4.31 Wh,-25.9 Wh,-3.72 Wh,-16.3 Wh
2026-03-18 22:00:00,-994 mWh,-4.24 Wh,-25.8 Wh,-3.68 Wh,-9.09 Wh
2026-03-18 23:00:00,-2.99 Wh,-4.15 Wh,-26.5 Wh,-3.22 Wh,-33.3 Wh
2026-03-19 00:00:00,-1.72 Wh,-4.26 Wh,-25.6 Wh,-3.71 Wh,-20.3 Wh
2026-03-19 01:00:00,-583 mWh,-4.38 Wh,-25.7 Wh,-3.74 Wh,-3.86 Wh
2026-03-19 02:00:00,-698 mWh,-4.53 Wh,-25.7 Wh,-3.72 Wh,-3.97 Wh
2026-03-19 03:00:00,-2.69 Wh,-4.10 Wh,-25.7 Wh,-3.71 Wh,-36.6 Wh
2026-03-19 04:00:00,-2.63 Wh,-4.58 Wh,-25.7 Wh,-3.74 Wh,-33.9 Wh
2026-03-19 05:00:00,-2.40 Wh,-4.71 Wh,-25.8 Wh,-3.71 Wh,-36.0 Wh
2026-03-19 06:00:00,-2.59 Wh,-4.49 Wh,-25.7 Wh,-3.71 Wh,-41.0 Wh
2026-03-19 07:00:00,-2.67 Wh,-4.19 Wh,-26.6 Wh,-3.71 Wh,-48.0 Wh
2026-03-19 08:00:00,-2.62 Wh,-4.36 Wh,-26.9 Wh,-3.70 Wh,-41.4 Wh
2026-03-19 09:00:00,-1.35 Wh,-4.58 Wh,-25.5 Wh,-3.75 Wh,-14.6 Wh
2026-03-19 10:00:00,-301 mWh,-4.85 Wh,-25.5 Wh,-3.71 Wh,0 Wh
2026-03-19 11:00:00,-687 mWh,-4.59 Wh,-26.2 Wh,-3.75 Wh,-5.32 Wh
2026-03-19 12:00:00,-3.20 Wh,-4.31 Wh,-25.7 Wh,-3.76 Wh,-36.4 Wh
2026-03-19 13:00:00,-3.07 Wh,-4.27 Wh,-25.2 Wh,-3.76 Wh,-35.9 Wh
2026-03-19 14:00:00,-2.95 Wh,-4.17 Wh,-25.0 Wh,-3.79 Wh,-30.2 Wh
2026-03-19 15:00:00,-3.15 Wh,-4.15 Wh,-25.1 Wh,-3.77 Wh,-33.1 Wh
2026-03-19 16:00:00,-3.08 Wh,-4.18 Wh,-25.8 Wh,-3.81 Wh,-32.0 Wh
2026-03-19 17:00:00,-1.16 Wh,-4.18 Wh,-25.7 Wh,-3.76 Wh,-10.1 Wh
2026-03-19 18:00:00,-314 mWh,-4.15 Wh,-26.1 Wh,-3.77 Wh,0 Wh
2026-03-19 19:00:00,-304 mWh,-4.16 Wh,-25.4 Wh,-3.75 Wh,0 Wh
2026-03-19 20:00:00,-725 mWh,-4.12 Wh,-27.4 Wh,-3.76 Wh,-4.59 Wh
2026-03-19 21:00:00,-2.59 Wh,-4.05 Wh,-27.2 Wh,-3.73 Wh,-25.4 Wh
2026-03-19 22:00:00,-1.46 Wh,-4.23 Wh,-27.7 Wh,-3.75 Wh,-11.7 Wh
2026-03-19 23:00:00,-920 mWh,-4.20 Wh,-26.4 Wh,-3.67 Wh,-5.96 Wh
2026-03-20 00:00:00,-292 mWh,-4.48 Wh,-25.4 Wh,-3.57 Wh,0 Wh
2026-03-20 01:00:00,-327 mWh,-4.61 Wh,-25.3 Wh,-3.58 Wh,-358 mWh
2026-03-20 02:00:00,-2.52 Wh,-4.13 Wh,-25.7 Wh,-3.58 Wh,-27.7 Wh
2026-03-20 03:00:00,-2.88 Wh,-4.11 Wh,-25.4 Wh,-3.58 Wh,-39.5 Wh
2026-03-20 04:00:00,-2.99 Wh,-4.13 Wh,-25.5 Wh,-3.58 Wh,-51.6 Wh
2026-03-20 05:00:00,-2.48 Wh,-4.15 Wh,-25.2 Wh,-3.58 Wh,-53.9 Wh
2026-03-20 06:00:00,-2.57 Wh,-4.21 Wh,-25.1 Wh,-3.58 Wh,-56.2 Wh
2026-03-20 07:00:00,-2.65 Wh,-4.24 Wh,-25.3 Wh,-3.72 Wh,-58.5 Wh
2026-03-20 08:00:00,-2.53 Wh,-4.20 Wh,-25.6 Wh,-3.76 Wh,-44.9 Wh
2026-03-20 09:00:00,-944 mWh,-4.46 Wh,-25.7 Wh,-3.76 Wh,-12.8 Wh
2026-03-20 10:00:00,-305 mWh,-4.59 Wh,-25.6 Wh,-3.77 Wh,0 Wh
2026-03-20 11:00:00,-307 mWh,-4.47 Wh,-24.9 Wh,-3.80 Wh,0 Wh
2026-03-20 12:00:00,-364 mWh,-4.40 Wh,-25.1 Wh,-3.79 Wh,-777 mWh
2026-03-20 13:00:00,-2.93 Wh,-4.16 Wh,-24.5 Wh,-3.79 Wh,-39.8 Wh
2026-03-20 14:00:00,-3.01 Wh,-4.45 Wh,-25.6 Wh,-3.82 Wh,-40.4 Wh
2026-03-20 15:00:00,-3.12 Wh,-4.60 Wh,-24.8 Wh,-3.76 Wh,-41.8 Wh
2026-03-20 16:00:00,-3.04 Wh,-4.63 Wh,-24.8 Wh,-3.81 Wh,-45.8 Wh
2026-03-20 17:00:00,-3.11 Wh,-4.63 Wh,-25.1 Wh,-3.78 Wh,-46.0 Wh
2026-03-20 18:00:00,-2.93 Wh,-4.36 Wh,-24.5 Wh,-3.79 Wh,-36.7 Wh
2026-03-20 19:00:00,-2.92 Wh,-4.17 Wh,-25.5 Wh,-3.75 Wh,-33.8 Wh
2026-03-20 20:00:00,-2.22 Wh,-4.15 Wh,-25.5 Wh,-3.76 Wh,-23.7 Wh
2026-03-20 21:00:00,-287 mWh,-4.30 Wh,-25.4 Wh,-3.76 Wh,0 Wh
2026-03-20 22:00:00,-287 mWh,-4.62 Wh,-25.6 Wh,-3.74 Wh,0 Wh
2026-03-20 23:00:00,-279 mWh,-4.89 Wh,-26.6 Wh,-3.76 Wh,0 Wh
2026-03-21 00:00:00,-1.89 Wh,-4.64 Wh,-25.9 Wh,-3.72 Wh,-17.5 Wh
2026-03-21 01:00:00,-648 mWh,-4.34 Wh,-25.8 Wh,-3.76 Wh,-4.31 Wh
2026-03-21 02:00:00,-282 mWh,-4.23 Wh,-26.7 Wh,-3.72 Wh,0 Wh
2026-03-21 03:00:00,-1.08 Wh,-4.16 Wh,-27.1 Wh,-3.73 Wh,-11.0 Wh
2026-03-21 04:00:00,-1.71 Wh,-4.13 Wh,-26.8 Wh,-3.71 Wh,-27.1 Wh
2026-03-21 05:00:00,-1.98 Wh,-4.13 Wh,-27.0 Wh,-3.76 Wh,-35.7 Wh
2026-03-21 06:00:00,-1.51 Wh,-4.15 Wh,-27.1 Wh,-3.73 Wh,-46.4 Wh
2026-03-21 07:00:00,-373 mWh,-4.14 Wh,-27.6 Wh,-3.75 Wh,-2.51 Wh
2026-03-21 08:00:00,-3.17 Wh,-4.15 Wh,-27.4 Wh,-3.74 Wh,-102 Wh
2026-03-21 09:00:00,-3.05 Wh,-4.15 Wh,-27.6 Wh,-3.77 Wh,-40.2 Wh
2026-03-21 10:00:00,-3.10 Wh,-4.09 Wh,-26.2 Wh,-3.75 Wh,-39.5 Wh
2026-03-21 11:00:00,-3.07 Wh,-4.09 Wh,-23.7 Wh,-3.67 Wh,-38.9 Wh
2026-03-21 12:00:00,-3.21 Wh,-4.14 Wh,-24.2 Wh,-3.75 Wh,-30.4 Wh
2026-03-21 13:00:00,-3.01 Wh,-4.33 Wh,-24.1 Wh,-3.72 Wh,-19.0 Wh
2026-03-21 14:00:00,-2.82 Wh,-4.64 Wh,-24.5 Wh,-3.77 Wh,-16.9 Wh
2026-03-21 15:00:00,-3.13 Wh,-4.68 Wh,-24.4 Wh,-3.74 Wh,-25.0 Wh
2026-03-21 16:00:00,-3.15 Wh,-4.25 Wh,-25.0 Wh,-3.76 Wh,-51.3 Wh
2026-03-21 17:00:00,-2.63 Wh,-4.26 Wh,-25.2 Wh,-3.73 Wh,-37.1 Wh
2026-03-21 18:00:00,-2.84 Wh,-4.13 Wh,-24.7 Wh,-3.76 Wh,-47.2 Wh
2026-03-21 19:00:00,-2.91 Wh,-4.14 Wh,-24.7 Wh,-3.69 Wh,-51.2 Wh
2026-03-21 20:00:00,-2.93 Wh,-4.11 Wh,-24.5 Wh,-3.72 Wh,-51.4 Wh
2026-03-21 21:00:00,-2.81 Wh,-4.17 Wh,-25.7 Wh,-3.69 Wh,-50.6 Wh
2026-03-21 22:00:00,-2.89 Wh,-4.11 Wh,-26.7 Wh,-3.71 Wh,-50.1 Wh
2026-03-21 23:00:00,-3.09 Wh,-4.24 Wh,-26.7 Wh,-3.69 Wh,-69.5 Wh
2026-03-22 00:00:00,-3.08 Wh,-4.09 Wh,-26.5 Wh,-3.74 Wh,-47.5 Wh
2026-03-22 01:00:00,-3.05 Wh,-4.16 Wh,-26.8 Wh,-3.79 Wh,-59.6 Wh
2026-03-22 02:00:00,-3.12 Wh,-4.10 Wh,-27.1 Wh,-3.82 Wh,-59.9 Wh
2026-03-22 03:00:00,-3.11 Wh,-4.13 Wh,-27.5 Wh,-3.79 Wh,-60.0 Wh
2026-03-22 04:00:00,-3.16 Wh,-4.28 Wh,-27.8 Wh,-3.78 Wh,-60.8 Wh
2026-03-22 05:00:00,-3.09 Wh,-4.49 Wh,-26.7 Wh,-3.81 Wh,-60.0 Wh
2026-03-22 06:00:00,-3.27 Wh,-4.63 Wh,-27.5 Wh,-3.79 Wh,-61.0 Wh
2026-03-22 07:00:00,-3.06 Wh,-4.49 Wh,-26.9 Wh,-3.81 Wh,-59.2 Wh
2026-03-22 08:00:00,-3.27 Wh,-4.30 Wh,-25.8 Wh,-3.77 Wh,-56.8 Wh
2026-03-22 09:00:00,-3.17 Wh,-4.37 Wh,-25.7 Wh,-3.83 Wh,-44.0 Wh
2026-03-22 10:00:00,-3.31 Wh,-4.22 Wh,-25.8 Wh,-3.82 Wh,-25.5 Wh
2026-03-22 11:00:00,-3.21 Wh,-4.21 Wh,-25.6 Wh,-3.84 Wh,-28.6 Wh
2026-03-22 12:00:00,-3.29 Wh,-4.32 Wh,-25.7 Wh,-3.81 Wh,-33.3 Wh
2026-03-22 13:00:00,-3.31 Wh,-4.44 Wh,-25.7 Wh,-3.85 Wh,-49.3 Wh
2026-03-22 14:00:00,-3.25 Wh,-4.56 Wh,-25.7 Wh,-3.82 Wh,-34.8 Wh
2026-03-22 15:00:00,-3.11 Wh,-4.43 Wh,-25.5 Wh,-3.83 Wh,-33.1 Wh
2026-03-22 16:00:00,-3.31 Wh,-4.31 Wh,-25.6 Wh,-3.86 Wh,-36.4 Wh
2026-03-22 17:00:00,-3.27 Wh,-4.20 Wh,-26.5 Wh,-3.82 Wh,-32.2 Wh
2026-03-22 18:00:00,-3.34 Wh,-4.21 Wh,-26.9 Wh,-3.85 Wh,-39.5 Wh
2026-03-22 19:00:00,-3.26 Wh,-4.24 Wh,-26.9 Wh,-3.81 Wh,-40.1 Wh
2026-03-22 20:00:00,-3.13 Wh,-4.40 Wh,-26.2 Wh,-3.82 Wh,-41.4 Wh
2026-03-22 21:00:00,-3.10 Wh,-4.77 Wh,-25.7 Wh,-3.80 Wh,-39.6 Wh
2026-03-22 22:00:00,-3.23 Wh,-4.78 Wh,-25.8 Wh,-3.82 Wh,-39.9 Wh
2026-03-22 23:00:00,-2.83 Wh,-4.38 Wh,-25.3 Wh,-3.80 Wh,-34.9 Wh
2026-03-23 00:00:00,-966 mWh,-4.22 Wh,-25.1 Wh,-3.81 Wh,-6.10 Wh
2026-03-23 01:00:00,-3.00 Wh,-4.15 Wh,-25.3 Wh,-3.79 Wh,-13.4 Wh
2026-03-23 02:00:00,-3.22 Wh,-4.13 Wh,-25.4 Wh,-3.81 Wh,-13.3 Wh
2026-03-23 03:00:00,-3.15 Wh,-4.08 Wh,-26.8 Wh,-3.85 Wh,-14.7 Wh
2026-03-23 04:00:00,-3.12 Wh,-4.13 Wh,-26.3 Wh,-3.83 Wh,-27.9 Wh
2026-03-23 05:00:00,-3.15 Wh,-4.03 Wh,-26.9 Wh,-3.79 Wh,-33.3 Wh
2026-03-23 06:00:00,-3.14 Wh,-4.10 Wh,-27.0 Wh,-3.83 Wh,-37.6 Wh
2026-03-23 07:00:00,-3.04 Wh,-4.10 Wh,-27.3 Wh,-3.80 Wh,-41.6 Wh
2026-03-23 08:00:00,-3.06 Wh,-4.12 Wh,-26.1 Wh,-3.84 Wh,-29.8 Wh
2026-03-23 09:00:00,-2.92 Wh,-4.08 Wh,-24.9 Wh,-3.82 Wh,-26.9 Wh
2026-03-23 10:00:00,-3.19 Wh,-4.02 Wh,-25.2 Wh,-3.85 Wh,-27.7 Wh
2026-03-23 11:00:00,-2.99 Wh,-4.10 Wh,-24.9 Wh,-3.84 Wh,-24.5 Wh
2026-03-23 12:00:00,-304 mWh,-4.34 Wh,,-3.80 Wh,0 Wh
2026-03-23 13:00:00,-277 mWh,-4.17 Wh,-25.6 Wh,-3.85 Wh,0 Wh
2026-03-23 14:00:00,-299 mWh,-4.61 Wh,-26.9 Wh,-3.88 Wh,0 Wh
2026-03-23 15:00:00,-295 mWh,-4.41 Wh,-26.3 Wh,-3.97 Wh,0 Wh
2026-03-23 16:00:00,-288 mWh,-4.19 Wh,-24.8 Wh,-3.89 Wh,0 Wh
2026-03-23 17:00:00,-3.23 Wh,-4.21 Wh,-26.0 Wh,-3.87 Wh,-38.4 Wh
2026-03-23 18:00:00,-3.16 Wh,-4.19 Wh,-25.4 Wh,-3.84 Wh,-43.2 Wh
2026-03-23 19:00:00,-2.83 Wh,-4.18 Wh,-25.2 Wh,-3.84 Wh,-43.7 Wh
2026-03-23 20:00:00,-3.10 Wh,-4.23 Wh,-26.4 Wh,-3.82 Wh,-43.3 Wh
2026-03-23 21:00:00,-3.05 Wh,-4.29 Wh,-25.3 Wh,-3.67 Wh,-42.6 Wh
2026-03-23 22:00:00,-3.02 Wh,-4.16 Wh,-25.1 Wh,-3.67 Wh,-41.5 Wh
2026-03-23 23:00:00,-1.22 Wh,-4.22 Wh,-25.4 Wh,-3.66 Wh,-14.4 Wh
2026-03-24 00:00:00,-274 mWh,-4.18 Wh,-25.0 Wh,-3.66 Wh,0 Wh
2026-03-24 01:00:00,-268 mWh,-4.18 Wh,-25.4 Wh,-3.65 Wh,0 Wh
2026-03-24 02:00:00,-275 mWh,-4.37 Wh,-25.7 Wh,-3.65 Wh,0 Wh
2026-03-24 03:00:00,-268 mWh,-4.57 Wh,-25.2 Wh,-3.64 Wh,0 Wh
2026-03-24 04:00:00,-1.49 Wh,-4.50 Wh,-25.1 Wh,-3.64 Wh,-7.12 Wh
2026-03-24 05:00:00,-2.60 Wh,-4.29 Wh,-25.3 Wh,-3.64 Wh,-12.5 Wh
2026-03-24 06:00:00,-2.76 Wh,-4.20 Wh,-25.0 Wh,-3.65 Wh,-12.7 Wh
2026-03-24 07:00:00,-2.38 Wh,-4.24 Wh,-25.1 Wh,-3.66 Wh,-16.6 Wh
2026-03-24 08:00:00,-1.04 Wh,-4.16 Wh,-25.5 Wh,-3.83 Wh,-5.93 Wh
2026-03-24 09:00:00,-587 mWh,-4.25 Wh,-25.6 Wh,-3.83 Wh,-12.0 Wh
2026-03-24 10:00:00,-835 mWh,-3.94 Wh,-25.1 Wh,-3.81 Wh,-15.2 Wh
2026-03-24 11:00:00,-291 mWh,-4.31 Wh,-25.2 Wh,-3.89 Wh,0 Wh
2026-03-24 12:00:00,-302 mWh,-4.30 Wh,-24.7 Wh,-3.88 Wh,0 Wh
2026-03-24 13:00:00,-313 mWh,-4.30 Wh,-24.9 Wh,-3.86 Wh,0 Wh
2026-03-24 14:00:00,-287 mWh,-4.11 Wh,-26.3 Wh,-3.98 Wh,0 Wh
2026-03-24 15:00:00,-331 mWh,-4.33 Wh,-26.2 Wh,-3.88 Wh,0 Wh
2026-03-24 16:00:00,-299 mWh,-4.49 Wh,-26.5 Wh,-3.92 Wh,0 Wh
2026-03-24 17:00:00,-427 mWh,-4.77 Wh,-25.0 Wh,-3.86 Wh,-1.74 Wh
2026-03-24 18:00:00,-3.31 Wh,-4.36 Wh,-24.7 Wh,-3.89 Wh,-43.9 Wh
2026-03-24 19:00:00,-3.06 Wh,-4.27 Wh,-25.3 Wh,-3.83 Wh,-42.9 Wh
2026-03-24 20:00:00,-3.14 Wh,-4.40 Wh,-25.2 Wh,-3.84 Wh,-46.5 Wh
2026-03-24 21:00:00,-2.99 Wh,-4.39 Wh,-25.0 Wh,-3.83 Wh,-47.8 Wh
2026-03-24 22:00:00,-2.88 Wh,-4.30 Wh,-25.5 Wh,-3.84 Wh,-45.0 Wh
2026-03-24 23:00:00,-2.27 Wh,-4.11 Wh,-25.6 Wh,-3.84 Wh,-29.8 Wh
2026-03-25 00:00:00,-278 mWh,-4.18 Wh,-25.7 Wh,-3.84 Wh,0 Wh
2026-03-25 01:00:00,-265 mWh,-4.26 Wh,-25.1 Wh,-3.80 Wh,0 Wh
2026-03-25 02:00:00,-276 mWh,-4.67 Wh,-25.6 Wh,-3.80 Wh,-23.0 mWh
2026-03-25 03:00:00,-264 mWh,-4.61 Wh,-24.9 Wh,-3.80 Wh,-18.6 mWh
2026-03-25 04:00:00,-268 mWh,-4.31 Wh,-25.2 Wh,-3.82 Wh,0 Wh
2026-03-25 05:00:00,-270 mWh,-4.20 Wh,-25.0 Wh,-3.81 Wh,0 Wh
2026-03-25 06:00:00,-1.06 Wh,-4.18 Wh,-25.3 Wh,-3.82 Wh,-9.47 Wh
2026-03-25 07:00:00,-2.47 Wh,-4.20 Wh,-25.5 Wh,-3.83 Wh,-31.1 Wh
2026-03-25 08:00:00,-264 mWh,-4.09 Wh,-25.4 Wh,-3.82 Wh,0 Wh
2026-03-25 09:00:00,-579 mWh,-4.14 Wh,-24.1 Wh,-3.84 Wh,-4.58 Wh
2026-03-25 10:00:00,-1.04 Wh,-4.11 Wh,-24.1 Wh,-3.83 Wh,-11.0 Wh
2026-03-25 11:00:00,-295 mWh,-4.11 Wh,-24.0 Wh,-3.89 Wh,0 Wh
2026-03-25 12:00:00,-292 mWh,-4.09 Wh,-23.6 Wh,-3.84 Wh,0 Wh
2026-03-25 13:00:00,-292 mWh,-4.10 Wh,-24.0 Wh,-3.88 Wh,0 Wh
2026-03-25 14:00:00,-297 mWh,-4.01 Wh,-23.3 Wh,-3.86 Wh,0 Wh
2026-03-25 15:00:00,-281 mWh,-4.12 Wh,-23.6 Wh,-3.84 Wh,0 Wh
2026-03-25 16:00:00,-275 mWh,-4.21 Wh,-23.6 Wh,-3.87 Wh,0 Wh
2026-03-25 17:00:00,-2.79 Wh,-4.63 Wh,-24.1 Wh,-3.83 Wh,-35.3 Wh
2026-03-25 18:00:00,-3.20 Wh,-4.56 Wh,-24.0 Wh,-3.86 Wh,-38.4 Wh
2026-03-25 19:00:00,-3.21 Wh,-4.32 Wh,-25.3 Wh,-3.80 Wh,-39.7 Wh
2026-03-25 20:00:00,-3.19 Wh,-4.17 Wh,-26.9 Wh,-3.82 Wh,-39.2 Wh
2026-03-25 21:00:00,-2.95 Wh,-4.20 Wh,-27.4 Wh,-3.78 Wh,-39.1 Wh
2026-03-25 22:00:00,-3.02 Wh,-4.19 Wh,-27.2 Wh,-3.81 Wh,-40.3 Wh
2026-03-25 23:00:00,-3.17 Wh,-4.11 Wh,-27.1 Wh,-3.79 Wh,-41.2 Wh
2026-03-26 00:00:00,-3.01 Wh,-4.09 Wh,-27.1 Wh,-3.83 Wh,-40.2 Wh
2026-03-26 01:00:00,-2.85 Wh,-4.15 Wh,-27.4 Wh,-3.79 Wh,-72.4 Wh
2026-03-26 02:00:00,-2.99 Wh,-4.10 Wh,-27.3 Wh,-3.81 Wh,-76.1 Wh
2026-03-26 03:00:00,-3.05 Wh,-4.11 Wh,-27.3 Wh,-3.78 Wh,-72.3 Wh
2026-03-26 04:00:00,-2.96 Wh,-4.14 Wh,-27.0 Wh,-3.80 Wh,-64.2 Wh
2026-03-26 05:00:00,-2.96 Wh,-4.09 Wh,-26.8 Wh,-3.79 Wh,-76.1 Wh
2026-03-26 06:00:00,-3.09 Wh,-4.11 Wh,-27.5 Wh,-3.78 Wh,-68.9 Wh
2026-03-26 07:00:00,-2.85 Wh,-4.15 Wh,-26.8 Wh,-3.78 Wh,-72.7 Wh
2026-03-26 08:00:00,-2.97 Wh,-4.21 Wh,-25.1 Wh,-3.79 Wh,-70.9 Wh
2026-03-26 09:00:00,-3.06 Wh,-4.45 Wh,-25.3 Wh,-3.79 Wh,-62.9 Wh
2026-03-26 10:00:00,-3.10 Wh,-4.54 Wh,-25.1 Wh,-3.79 Wh,-54.1 Wh
2026-03-26 11:00:00,-3.03 Wh,-4.45 Wh,-25.1 Wh,-3.80 Wh,-47.4 Wh
2026-03-26 12:00:00,-2.84 Wh,-4.20 Wh,-24.5 Wh,-3.82 Wh,-44.6 Wh
2026-03-26 13:00:00,-626 mWh,-4.33 Wh,-25.4 Wh,-3.81 Wh,-5.25 Wh
2026-03-26 14:00:00,-279 mWh,-4.23 Wh,-24.8 Wh,-3.86 Wh,0 Wh
2026-03-26 15:00:00,-270 mWh,-4.15 Wh,-25.3 Wh,-3.81 Wh,0 Wh
2026-03-26 16:00:00,-2.65 Wh,-4.53 Wh,-25.8 Wh,-3.82 Wh,-28.1 Wh
2026-03-26 17:00:00,-3.19 Wh,-4.52 Wh,-25.7 Wh,-3.84 Wh,-36.5 Wh
2026-03-26 18:00:00,-3.17 Wh,-4.65 Wh,-25.6 Wh,-3.84 Wh,-34.8 Wh
2026-03-26 19:00:00,-3.15 Wh,-4.40 Wh,-25.0 Wh,-3.81 Wh,-35.2 Wh
2026-03-26 20:00:00,-3.22 Wh,-4.24 Wh,-26.7 Wh,-3.82 Wh,-35.0 Wh
2026-03-26 21:00:00,-3.20 Wh,-4.18 Wh,-26.3 Wh,-3.80 Wh,-34.6 Wh
2026-03-26 22:00:00,-3.04 Wh,-4.10 Wh,-26.5 Wh,-3.81 Wh,-34.6 Wh
2026-03-26 23:00:00,-3.06 Wh,-4.20 Wh,-26.3 Wh,-3.83 Wh,-33.4 Wh
2026-03-27 00:00:00,-394 mWh,-4.35 Wh,-27.1 Wh,-3.81 Wh,-1.62 Wh
2026-03-27 01:00:00,-1.86 Wh,-4.72 Wh,-26.8 Wh,-3.80 Wh,-23.2 Wh
2026-03-27 02:00:00,-3.25 Wh,-4.90 Wh,-26.8 Wh,-3.81 Wh,-41.6 Wh
2026-03-27 03:00:00,-2.89 Wh,-4.48 Wh,-26.3 Wh,-3.80 Wh,-35.1 Wh
2026-03-27 04:00:00,-2.77 Wh,-4.25 Wh,-26.7 Wh,-3.81 Wh,-39.8 Wh
2026-03-27 05:00:00,-265 mWh,-4.09 Wh,-26.7 Wh,-3.84 Wh,0 Wh
2026-03-27 06:00:00,-265 mWh,-4.15 Wh,-27.1 Wh,-3.79 Wh,0 Wh
2026-03-27 07:00:00,-2.54 Wh,-4.03 Wh,-26.6 Wh,-3.80 Wh,-30.4 Wh
2026-03-27 08:00:00,-3.11 Wh,-4.03 Wh,-27.3 Wh,-3.79 Wh,-37.6 Wh
2026-03-27 09:00:00,-1.94 Wh,-4.03 Wh,-25.4 Wh,-3.85 Wh,-22.7 Wh
2026-03-27 10:00:00,-287 mWh,-4.12 Wh,-26.4 Wh,-3.83 Wh,-651 mWh
2026-03-27 11:00:00,-2.90 Wh,-4.04 Wh,-25.9 Wh,-3.85 Wh,-34.3 Wh
2026-03-27 12:00:00,-279 mWh,-4.07 Wh,-25.5 Wh,-3.83 Wh,0 Wh
2026-03-27 13:00:00,-2.24 Wh,-3.97 Wh,-26.2 Wh,-3.92 Wh,-27.3 Wh
2026-03-27 14:00:00,-2.71 Wh,-4.04 Wh,-26.3 Wh,-3.87 Wh,-38.6 Wh
2026-03-27 15:00:00,-2.95 Wh,-4.20 Wh,-27.4 Wh,-3.87 Wh,-36.1 Wh
2026-03-27 16:00:00,-1.19 Wh,-4.42 Wh,-25.8 Wh,-3.89 Wh,-13.3 Wh
2026-03-27 17:00:00,-3.19 Wh,-4.58 Wh,-27.1 Wh,-3.86 Wh,-48.6 Wh
2026-03-27 18:00:00,-2.87 Wh,-4.21 Wh,-26.6 Wh,-3.83 Wh,-56.7 Wh
2026-03-27 19:00:00,-3.32 Wh,-4.15 Wh,-29.0 Wh,-3.83 Wh,-50.9 Wh
2026-03-27 20:00:00,-3.20 Wh,-4.12 Wh,-28.2 Wh,-3.85 Wh,-44.2 Wh
2026-03-27 21:00:00,-3.05 Wh,-4.06 Wh,-27.6 Wh,-3.82 Wh,-40.1 Wh
2026-03-27 22:00:00,-3.14 Wh,-4.03 Wh,-26.6 Wh,-3.84 Wh,-38.8 Wh
2026-03-27 23:00:00,-2.96 Wh,-4.11 Wh,-27.0 Wh,-3.84 Wh,-38.5 Wh
2026-03-28 00:00:00,-1.88 Wh,-4.12 Wh,-28.2 Wh,-3.80 Wh,-22.1 Wh
2026-03-28 01:00:00,-264 mWh,-4.02 Wh,-28.8 Wh,-3.81 Wh,0 Wh
2026-03-28 02:00:00,-263 mWh,-4.16 Wh,-28.7 Wh,-3.78 Wh,0 Wh
2026-03-28 03:00:00,-261 mWh,-4.41 Wh,-28.7 Wh,-3.81 Wh,0 Wh
2026-03-28 04:00:00,-2.77 Wh,-4.54 Wh,-28.7 Wh,-3.79 Wh,-37.2 Wh
2026-03-28 05:00:00,-2.21 Wh,-4.33 Wh,-28.9 Wh,-3.83 Wh,-27.1 Wh
2026-03-28 06:00:00,-246 mWh,-4.22 Wh,-29.3 Wh,-3.78 Wh,0 Wh
2026-03-28 07:00:00,-250 mWh,-4.30 Wh,-29.1 Wh,-3.80 Wh,0 Wh
2026-03-28 08:00:00,-273 mWh,-4.18 Wh,-28.5 Wh,-3.77 Wh,0 Wh
2026-03-28 09:00:00,-1.65 Wh,-4.11 Wh,-28.5 Wh,-3.82 Wh,-2.58 Wh
2026-03-28 10:00:00,-1.27 Wh,-4.24 Wh,-26.9 Wh,-3.85 Wh,-2.17 Wh
2026-03-28 11:00:00,-269 mWh,-4.18 Wh,-27.2 Wh,-3.83 Wh,0 Wh
2026-03-28 12:00:00,-275 mWh,-4.29 Wh,-26.8 Wh,-3.81 Wh,0 Wh
2026-03-28 13:00:00,-295 mWh,-4.14 Wh,-26.5 Wh,-3.83 Wh,0 Wh
2026-03-28 14:00:00,-298 mWh,-4.06 Wh,-26.9 Wh,-3.84 Wh,-5.21 mWh
2026-03-28 15:00:00,-650 mWh,-4.14 Wh,-26.8 Wh,-3.83 Wh,-2.76 Wh
2026-03-28 16:00:00,-1.13 Wh,-4.25 Wh,-25.9 Wh,-3.81 Wh,-13.9 Wh
2026-03-28 17:00:00,-2.20 Wh,-4.09 Wh,-25.9 Wh,-3.83 Wh,-32.8 Wh
2026-03-28 18:00:00,-2.43 Wh,-4.15 Wh,-24.8 Wh,-3.77 Wh,-32.8 Wh
2026-03-28 19:00:00,-328 mWh,-4.53 Wh,-26.4 Wh,-3.71 Wh,-686 mWh
2026-03-28 20:00:00,-280 mWh,-4.36 Wh,-26.8 Wh,-3.73 Wh,0 Wh
2026-03-28 21:00:00,-278 mWh,-4.21 Wh,-26.9 Wh,-3.72 Wh,0 Wh
2026-03-28 22:00:00,-261 mWh,-4.12 Wh,-26.0 Wh,-3.68 Wh,-19.6 mWh
2026-03-28 23:00:00,-2.40 Wh,-4.07 Wh,-26.6 Wh,-3.72 Wh,-23.0 Wh
2026-03-29 00:00:00,-255 mWh,-4.01 Wh,-27.0 Wh,-3.68 Wh,0 Wh
2026-03-29 01:00:00,-258 mWh,-4.07 Wh,-26.9 Wh,-3.71 Wh,0 Wh
2026-03-29 02:00:00,-258 mWh,-4.12 Wh,-26.9 Wh,-3.68 Wh,0 Wh
2026-03-29 03:00:00,-246 mWh,-4.03 Wh,-26.8 Wh,-3.69 Wh,0 Wh
2026-03-29 04:00:00,-1.06 Wh,-4.05 Wh,-26.9 Wh,-3.69 Wh,-5.85 Wh
2026-03-29 05:00:00,-1.17 Wh,-4.13 Wh,-26.8 Wh,-3.67 Wh,-6.02 Wh
2026-03-29 06:00:00,-539 mWh,-4.28 Wh,-27.4 Wh,-3.69 Wh,-2.14 Wh
2026-03-29 07:00:00,-244 mWh,-4.47 Wh,-25.8 Wh,-3.67 Wh,0 Wh
2026-03-29 08:00:00,-871 mWh,-4.45 Wh,-24.2 Wh,-3.72 Wh,-3.62 Wh
2026-03-29 09:00:00,-253 mWh,-4.25 Wh,-24.2 Wh,-3.69 Wh,0 Wh
2026-03-29 10:00:00,-328 mWh,-4.26 Wh,-25.3 Wh,-3.73 Wh,-596 mWh
2026-03-29 11:00:00,-279 mWh,-4.23 Wh,-25.4 Wh,-3.77 Wh,0 Wh
2026-03-29 12:00:00,-291 mWh,-4.06 Wh,-25.4 Wh,-3.81 Wh,0 Wh
2026-03-29 13:00:00,-289 mWh,-4.16 Wh,-25.7 Wh,-3.77 Wh,0 Wh
2026-03-29 14:00:00,-285 mWh,-4.25 Wh,-25.2 Wh,-3.78 Wh,0 Wh
2026-03-29 15:00:00,-2.04 Wh,-4.25 Wh,-24.7 Wh,-3.80 Wh,-22.9 Wh
2026-03-29 16:00:00,-2.04 Wh,-4.19 Wh,-24.8 Wh,-3.77 Wh,-27.6 Wh
2026-03-29 17:00:00,-2.25 Wh,-4.07 Wh,-24.2 Wh,-3.79 Wh,-28.4 Wh
2026-03-29 18:00:00,-2.82 Wh,-4.45 Wh,-24.7 Wh,-3.75 Wh,-40.1 Wh
2026-03-29 19:00:00,-2.98 Wh,-4.79 Wh,-25.7 Wh,-3.74 Wh,-40.0 Wh
2026-03-29 20:00:00,-2.99 Wh,-4.20 Wh,-25.5 Wh,-3.72 Wh,-37.7 Wh
2026-03-29 21:00:00,-2.48 Wh,-4.27 Wh,-27.1 Wh,-3.72 Wh,-36.4 Wh
2026-03-29 22:00:00,-2.22 Wh,-4.26 Wh,-27.5 Wh,-3.77 Wh,-28.1 Wh
2026-03-29 23:00:00,-2.32 Wh,-4.10 Wh,-27.1 Wh,-3.70 Wh,-32.1 Wh
2026-03-30 00:00:00,-443 mWh,-4.16 Wh,-27.0 Wh,-3.72 Wh,-2.70 Wh
2026-03-30 01:00:00,-251 mWh,-4.03 Wh,-27.1 Wh,-3.70 Wh,0 Wh
2026-03-30 02:00:00,-256 mWh,-3.98 Wh,-26.9 Wh,-3.69 Wh,0 Wh
2026-03-30 03:00:00,-247 mWh,-4.05 Wh,-27.2 Wh,-3.72 Wh,0 Wh
2026-03-30 04:00:00,-264 mWh,-4.15 Wh,-27.0 Wh,-3.71 Wh,0 Wh
2026-03-30 05:00:00,-257 mWh,-4.26 Wh,-26.9 Wh,-3.70 Wh,0 Wh
2026-03-30 06:00:00,-256 mWh,-4.63 Wh,-27.2 Wh,-3.69 Wh,0 Wh
2026-03-30 07:00:00,-1.29 Wh,-4.51 Wh,-25.9 Wh,-3.72 Wh,-14.7 Wh
2026-03-30 08:00:00,-1.17 Wh,-4.24 Wh,-25.2 Wh,-3.69 Wh,-6.42 Wh
2026-03-30 09:00:00,-2.12 Wh,-3.99 Wh,-24.9 Wh,-3.74 Wh,-10.6 Wh
2026-03-30 10:00:00,-302 mWh,-4.03 Wh,-24.4 Wh,-3.75 Wh,-1.14 Wh
2026-03-30 11:00:00,-270 mWh,-4.04 Wh,-25.3 Wh,-3.74 Wh,0 Wh
2026-03-30 12:00:00,-293 mWh,-3.95 Wh,-25.6 Wh,-3.78 Wh,-308 mWh
2026-03-30 13:00:00,-1.32 Wh,-4.01 Wh,-24.7 Wh,-3.78 Wh,-12.7 Wh
2026-03-30 14:00:00,-1.07 Wh,-4.06 Wh,-24.8 Wh,-3.77 Wh,-10.6 Wh
2026-03-30 15:00:00,-281 mWh,-4.13 Wh,-25.7 Wh,-3.81 Wh,0 Wh
2026-03-30 16:00:00,-910 mWh,-4.09 Wh,-24.7 Wh,-3.78 Wh,-9.99 Wh
2026-03-30 17:00:00,-279 mWh,-4.05 Wh,-25.4 Wh,-3.74 Wh,0 Wh
2026-03-30 18:00:00,-1.38 Wh,-4.06 Wh,-24.8 Wh,-3.76 Wh,-14.4 Wh
2026-03-30 19:00:00,-585 mWh,-4.35 Wh,-25.2 Wh,-3.72 Wh,-4.77 Wh
2026-03-30 20:00:00,-1.02 Wh,-4.67 Wh,-24.6 Wh,-3.74 Wh,-9.94 Wh
2026-03-30 21:00:00,-1.50 Wh,-4.41 Wh,-26.9 Wh,-3.72 Wh,-12.5 Wh
2026-03-30 22:00:00,-2.58 Wh,-4.16 Wh,-27.0 Wh,-3.75 Wh,-29.8 Wh
2026-03-30 23:00:00,-341 mWh,-4.04 Wh,-27.4 Wh,-3.70 Wh,-489 mWh
2026-03-31 00:00:00,-271 mWh,-3.94 Wh,-27.3 Wh,-3.72 Wh,0 Wh
2026-03-31 01:00:00,-280 mWh,-3.99 Wh,-28.2 Wh,-3.70 Wh,0 Wh
2026-03-31 02:00:00,-353 mWh,-4.00 Wh,-28.2 Wh,-3.71 Wh,-715 mWh
2026-03-31 03:00:00,-3.01 Wh,-3.99 Wh,-27.9 Wh,-3.68 Wh,-28.2 Wh
2026-03-31 04:00:00,-3.23 Wh,-4.01 Wh,-27.5 Wh,-3.71 Wh,-28.9 Wh
2026-03-31 05:00:00,-3.13 Wh,-4.03 Wh,-26.9 Wh,-3.71 Wh,-33.7 Wh
2026-03-31 06:00:00,-2.96 Wh,-4.03 Wh,-27.2 Wh,-3.70 Wh,-32.8 Wh
2026-03-31 07:00:00,-2.85 Wh,-4.04 Wh,-26.2 Wh,-3.73 Wh,-31.8 Wh
2026-03-31 08:00:00,-352 mWh,-4.12 Wh,-25.6 Wh,-3.70 Wh,-868 mWh
2026-03-31 09:00:00,-279 mWh,-4.11 Wh,-25.6 Wh,-3.73 Wh,0 Wh
2026-03-31 10:00:00,-271 mWh,-4.46 Wh,-25.3 Wh,-3.70 Wh,0 Wh
2026-03-31 11:00:00,-278 mWh,-4.44 Wh,-25.8 Wh,-3.73 Wh,0 Wh
2026-03-31 12:00:00,-276 mWh,-4.29 Wh,-25.0 Wh,-3.72 Wh,0 Wh
2026-03-31 13:00:00,-279 mWh,-4.15 Wh,-25.9 Wh,-3.76 Wh,0 Wh
2026-03-31 14:00:00,-917 mWh,-4.00 Wh,-25.7 Wh,-3.75 Wh,-4.45 Wh
2026-03-31 15:00:00,-2.72 Wh,-4.06 Wh,-25.5 Wh,-3.73 Wh,-20.4 Wh
2026-03-31 16:00:00,-444 mWh,-4.06 Wh,-25.1 Wh,-3.75 Wh,-1.70 Wh
2026-03-31 17:00:00,-283 mWh,-4.20 Wh,-25.0 Wh,-3.73 Wh,0 Wh
2026-03-31 18:00:00,-529 mWh,-4.28 Wh,-25.2 Wh,-3.74 Wh,-1.99 Wh
2026-03-31 19:00:00,-2.68 Wh,-4.36 Wh,-25.5 Wh,-3.72 Wh,-18.6 Wh
2026-03-31 20:00:00,-1.84 Wh,-4.11 Wh,-26.4 Wh,-3.74 Wh,-12.9 Wh
2026-03-31 21:00:00,-283 mWh,-3.97 Wh,-26.9 Wh,-3.72 Wh,0 Wh
2026-03-31 22:00:00,-302 mWh,-4.04 Wh,-26.7 Wh,-3.74 Wh,0 Wh
2026-03-31 23:00:00,-295 mWh,-4.13 Wh,-27.0 Wh,-3.71 Wh,0 Wh
2026-04-01 00:00:00,-295 mWh,-4.55 Wh,-26.8 Wh,-3.71 Wh,0 Wh
2026-04-01 01:00:00,-2.10 Wh,-4.78 Wh,-27.0 Wh,-3.75 Wh,-17.0 Wh
2026-04-01 02:00:00,-2.54 Wh,-4.52 Wh,-27.0 Wh,-3.73 Wh,-22.5 Wh
2026-04-01 03:00:00,-2.45 Wh,-4.16 Wh,-27.1 Wh,-3.74 Wh,-23.1 Wh
2026-04-01 04:00:00,-2.80 Wh,-4.00 Wh,-27.2 Wh,-3.71 Wh,-23.1 Wh
2026-04-01 05:00:00,-2.72 Wh,-3.94 Wh,-26.5 Wh,-3.75 Wh,-22.7 Wh
2026-04-01 06:00:00,-2.79 Wh,-3.95 Wh,-27.3 Wh,-3.71 Wh,-22.5 Wh
2026-04-01 07:00:00,-828 mWh,-4.01 Wh,-25.8 Wh,-3.76 Wh,-4.83 Wh
2026-04-01 08:00:00,-295 mWh,-3.95 Wh,-24.7 Wh,-3.70 Wh,0 Wh
2026-04-01 09:00:00,-328 mWh,-4.02 Wh,-25.5 Wh,-3.74 Wh,-297 mWh
2026-04-01 10:00:00,-307 mWh,-4.00 Wh,-24.9 Wh,-3.71 Wh,0 Wh
2026-04-01 11:00:00,-311 mWh,-3.94 Wh,-25.7 Wh,-3.73 Wh,0 Wh
2026-04-01 12:00:00,-356 mWh,-3.93 Wh,-25.1 Wh,-3.77 Wh,-3.36 Wh
2026-04-01 13:00:00,-303 mWh,-4.01 Wh,-25.0 Wh,-3.72 Wh,0 Wh
2026-04-01 14:00:00,-296 mWh,-4.23 Wh,-23.1 Wh,-3.63 Wh,0 Wh
2026-04-01 15:00:00,-298 mWh,-4.47 Wh,-24.1 Wh,-3.74 Wh,0 Wh
2026-04-01 16:00:00,-292 mWh,-4.44 Wh,-24.3 Wh,-3.80 Wh,0 Wh
2026-04-01 17:00:00,-288 mWh,-4.11 Wh,-24.3 Wh,-3.82 Wh,0 Wh
2026-04-01 18:00:00,-311 mWh,-4.02 Wh,-23.9 Wh,-3.76 Wh,0 Wh
2026-04-01 19:00:00,-1.70 Wh,-3.97 Wh,-24.0 Wh,-3.75 Wh,-17.3 Wh
2026-04-01 20:00:00,-2.28 Wh,-3.93 Wh,-26.9 Wh,-3.76 Wh,-19.3 Wh
2026-04-01 21:00:00,-307 mWh,-3.98 Wh,-27.4 Wh,-3.73 Wh,0 Wh
2026-04-01 22:00:00,-306 mWh,-3.99 Wh,-27.1 Wh,-3.75 Wh,0 Wh
2026-04-01 23:00:00,-392 mWh,-4.00 Wh,-27.0 Wh,-3.73 Wh,-1.14 Wh
2026-04-02 00:00:00,-3.43 Wh,-4.03 Wh,-26.9 Wh,-3.75 Wh,-23.5 Wh
2026-04-02 01:00:00,-3.44 Wh,-4.00 Wh,-27.2 Wh,-3.72 Wh,-23.3 Wh
2026-04-02 02:00:00,-2.50 Wh,-3.94 Wh,-27.0 Wh,-3.76 Wh,-19.1 Wh
2026-04-02 03:00:00,-346 mWh,-4.06 Wh,-27.0 Wh,-3.72 Wh,0 Wh
2026-04-02 04:00:00,-1.55 Wh,-4.11 Wh,-26.8 Wh,-3.74 Wh,-19.9 Wh
2026-04-02 05:00:00,-3.08 Wh,-4.54 Wh,-27.3 Wh,-3.73 Wh,-69.0 Wh
2026-04-02 06:00:00,-3.15 Wh,-4.65 Wh,-27.0 Wh,-3.76 Wh,-47.0 Wh
2026-04-02 07:00:00,-3.19 Wh,-4.26 Wh,-26.9 Wh,-3.74 Wh,-44.0 Wh
2026-04-02 08:00:00,-3.03 Wh,-4.03 Wh,-25.3 Wh,-3.78 Wh,-49.2 Wh
2026-04-02 09:00:00,-3.06 Wh,-3.93 Wh,-25.7 Wh,-3.76 Wh,-49.7 Wh
2026-04-02 10:00:00,-3.00 Wh,-3.95 Wh,-25.6 Wh,-3.79 Wh,-43.9 Wh
2026-04-02 11:00:00,-309 mWh,-3.95 Wh,-24.4 Wh,-3.69 Wh,0 Wh
2026-04-02 12:00:00,-308 mWh,-3.93 Wh,-23.3 Wh,-3.60 Wh,0 Wh
2026-04-02 13:00:00,-291 mWh,-3.95 Wh,-23.1 Wh,-3.62 Wh,0 Wh
2026-04-02 14:00:00,-293 mWh,-4.02 Wh,-23.1 Wh,-3.62 Wh,0 Wh
2026-04-02 15:00:00,-281 mWh,-3.99 Wh,-23.1 Wh,-3.62 Wh,0 Wh
2026-04-02 16:00:00,-1.59 Wh,-3.92 Wh,-23.1 Wh,-3.61 Wh,-22.4 Wh
2026-04-02 17:00:00,-1.60 Wh,-4.01 Wh,-23.1 Wh,-3.60 Wh,-40.0 Wh
2026-04-02 18:00:00,-3.48 Wh,-3.97 Wh,-23.3 Wh,-3.59 Wh,-100 Wh
2026-04-02 19:00:00,-2.67 Wh,-4.04 Wh,-25.5 Wh,-3.56 Wh,-91.7 Wh
2026-04-02 20:00:00,-746 mWh,-4.53 Wh,-25.8 Wh,-3.55 Wh,-13.5 Wh
2026-04-02 21:00:00,-2.08 Wh,-4.56 Wh,-25.7 Wh,-3.55 Wh,-41.3 Wh
2026-04-02 22:00:00,-3.24 Wh,-4.33 Wh,-25.3 Wh,-3.56 Wh,-67.8 Wh
2026-04-02 23:00:00,-3.09 Wh,-4.05 Wh,-24.7 Wh,-3.56 Wh,-54.1 Wh
2026-04-03 00:00:00,-3.06 Wh,-3.94 Wh,-25.2 Wh,-3.56 Wh,-45.4 Wh
2026-04-03 01:00:00,-2.55 Wh,-4.01 Wh,-25.0 Wh,-3.56 Wh,-33.9 Wh
2026-04-03 02:00:00,-314 mWh,-3.96 Wh,-25.4 Wh,-3.55 Wh,0 Wh
2026-04-03 03:00:00,-314 mWh,-3.88 Wh,-25.7 Wh,-3.55 Wh,0 Wh
2026-04-03 04:00:00,-2.96 Wh,-3.91 Wh,-25.2 Wh,-3.55 Wh,-42.9 Wh
2026-04-03 05:00:00,-3.22 Wh,-3.93 Wh,-25.6 Wh,-3.56 Wh,-39.7 Wh
2026-04-03 06:00:00,-2.91 Wh,-4.02 Wh,-24.8 Wh,-3.57 Wh,-41.0 Wh
2026-04-03 07:00:00,-1.67 Wh,-3.92 Wh,-24.7 Wh,-3.55 Wh,-42.3 Wh
2026-04-03 08:00:00,-2.05 Wh,-4.31 Wh,-27.9 Wh,-3.58 Wh,-14.7 Wh
2026-04-03 09:00:00,-967 mWh,-4.91 Wh,,-3.59 Wh,-5.47 Wh
2026-04-03 10:00:00,-2.48 Wh,-3.36 Wh,,-3.61 Wh,-28.4 Wh
2026-04-03 11:00:00,-1.49 Wh,-4.05 Wh,,-3.64 Wh,-21.5 Wh
2026-04-03 12:00:00,-931 mWh,-3.88 Wh,,-3.63 Wh,-4.20 Wh
2026-04-03 13:00:00,-795 mWh,-4.15 Wh,-24.9 Wh,-3.66 Wh,-55.9 Wh
2026-04-03 14:00:00,-2.58 Wh,-3.89 Wh,-23.1 Wh,-3.63 Wh,-31.5 Wh
2026-04-03 15:00:00,-3.73 Wh,-4.33 Wh,-22.9 Wh,-3.64 Wh,-47.4 Wh
2026-04-03 16:00:00,-4.44 Wh,-4.81 Wh,-25.0 Wh,-3.66 Wh,-93.6 Wh
2026-04-03 17:00:00,-2.87 Wh,-4.56 Wh,-24.2 Wh,-3.67 Wh,-92.7 Wh
2026-04-03 18:00:00,-2.50 Wh,-4.07 Wh,-24.7 Wh,-3.65 Wh,-58.6 Wh
2026-04-03 19:00:00,-2.79 Wh,-3.71 Wh,,-3.60 Wh,-92.0 Wh
2026-04-03 20:00:00,-3.37 Wh,-3.80 Wh,-26.0 Wh,-3.59 Wh,-82.9 Wh
2026-04-03 21:00:00,-3.32 Wh,-4.01 Wh,-24.5 Wh,-3.61 Wh,-56.5 Wh
2026-04-03 22:00:00,-2.34 Wh,-4.16 Wh,-24.8 Wh,-3.61 Wh,-71.6 Wh
2026-04-03 23:00:00,-3.33 Wh,-4.04 Wh,-24.8 Wh,-3.60 Wh,-47.2 Wh
2026-04-04 00:00:00,-3.07 Wh,-4.50 Wh,-25.0 Wh,-3.59 Wh,-55.0 Wh
2026-04-04 01:00:00,-2.96 Wh,-4.50 Wh,-25.0 Wh,-3.60 Wh,-47.3 Wh
2026-04-04 02:00:00,-5.27 Wh,-4.13 Wh,-25.4 Wh,-3.62 Wh,-42.8 Wh
2026-04-04 03:00:00,-3.60 Wh,-3.96 Wh,-24.8 Wh,-3.59 Wh,-32.6 Wh
2026-04-04 04:00:00,-2.93 Wh,-3.91 Wh,-24.6 Wh,-3.60 Wh,-32.2 Wh
2026-04-04 05:00:00,-2.89 Wh,-3.92 Wh,-24.3 Wh,-3.60 Wh,-32.0 Wh
2026-04-04 06:00:00,-3.41 Wh,-3.91 Wh,-24.7 Wh,-3.59 Wh,-32.4 Wh
2026-04-04 07:00:00,-3.23 Wh,-3.63 Wh,,-3.60 Wh,-25.6 Wh
2026-04-04 08:00:00,-2.67 Wh,-3.94 Wh,-25.1 Wh,-3.60 Wh,-18.3 Wh
2026-04-04 09:00:00,-2.62 Wh,-3.94 Wh,-25.0 Wh,-3.81 Wh,-12.7 Wh
2026-04-04 10:00:00,-2.88 Wh,-4.04 Wh,-25.3 Wh,-3.81 Wh,-14.9 Wh
2026-04-04 11:00:00,-2.84 Wh,-4.24 Wh,-25.6 Wh,-3.84 Wh,-15.9 Wh
2026-04-04 12:00:00,-2.52 Wh,-4.41 Wh,-25.8 Wh,-3.92 Wh,-13.9 Wh
2026-04-04 13:00:00,-2.98 Wh,-4.16 Wh,-25.8 Wh,-3.94 Wh,-16.5 Wh
2026-04-04 14:00:00,-2.35 Wh,-4.10 Wh,-26.5 Wh,-3.93 Wh,-17.1 Wh
2026-04-04 15:00:00,-2.66 Wh,-4.37 Wh,-26.2 Wh,-3.98 Wh,-13.1 Wh
2026-04-04 16:00:00,-2.33 Wh,-4.51 Wh,-26.5 Wh,-4.00 Wh,-14.7 Wh
2026-04-04 17:00:00,-2.54 Wh,-4.19 Wh,-26.2 Wh,-4.01 Wh,-23.8 Wh
2026-04-04 18:00:00,-2.50 Wh,-4.14 Wh,-26.6 Wh,-4.00 Wh,-17.5 Wh
2026-04-04 19:00:00,-2.60 Wh,-4.22 Wh,-27.2 Wh,-3.91 Wh,-15.6 Wh
2026-04-04 20:00:00,-3.08 Wh,-4.78 Wh,-27.0 Wh,-3.84 Wh,-21.3 Wh
2026-04-04 21:00:00,-2.70 Wh,-4.38 Wh,-27.6 Wh,-3.82 Wh,-24.5 Wh
2026-04-04 22:00:00,-2.60 Wh,-4.06 Wh,-27.0 Wh,-3.83 Wh,-22.3 Wh
2026-04-04 23:00:00,-2.83 Wh,-4.47 Wh,,-3.96 Wh,-23.4 Wh
2026-04-05 00:00:00,-1.63 Wh,-3.87 Wh,-27.0 Wh,-3.77 Wh,-28.0 Wh
2026-04-05 01:00:00,-1.92 Wh,-3.95 Wh,-26.8 Wh,-3.77 Wh,-30.4 Wh
2026-04-05 02:00:00,-2.00 Wh,-3.84 Wh,-27.8 Wh,-3.77 Wh,-30.3 Wh
2026-04-05 03:00:00,-2.25 Wh,-3.91 Wh,-26.9 Wh,-3.74 Wh,-29.1 Wh
2026-04-05 04:00:00,-2.19 Wh,-3.92 Wh,-26.8 Wh,-3.79 Wh,-29.4 Wh
2026-04-05 05:00:00,-2.39 Wh,-3.83 Wh,-27.8 Wh,-3.74 Wh,-29.5 Wh
2026-04-05 06:00:00,-2.27 Wh,-4.00 Wh,-26.9 Wh,-3.78 Wh,-29.4 Wh
2026-04-05 07:00:00,-2.49 Wh,-3.90 Wh,-26.3 Wh,-3.77 Wh,-30.1 Wh
2026-04-05 08:00:00,-2.11 Wh,-4.17 Wh,-25.8 Wh,-3.81 Wh,-31.1 Wh
2026-04-05 09:00:00,-1.58 Wh,-4.45 Wh,-26.0 Wh,-3.79 Wh,-31.7 Wh
2026-04-05 10:00:00,-1.79 Wh,-4.12 Wh,-27.1 Wh,-3.86 Wh,-32.1 Wh
2026-04-05 11:00:00,-1.79 Wh,-3.91 Wh,-26.8 Wh,-3.83 Wh,-28.3 Wh
2026-04-05 12:00:00,-2.65 Wh,-3.88 Wh,-26.7 Wh,-3.84 Wh,-62.9 Wh
2026-04-05 13:00:00,-3.07 Wh,-3.96 Wh,-27.2 Wh,-3.85 Wh,-76.6 Wh
2026-04-05 14:00:00,-3.13 Wh,-3.96 Wh,-27.0 Wh,-3.85 Wh,-83.6 Wh
2026-04-05 15:00:00,-3.13 Wh,-3.96 Wh,-27.1 Wh,-3.85 Wh,-90.8 Wh
2026-04-05 16:00:00,-3.37 Wh,-3.96 Wh,-26.7 Wh,-3.83 Wh,-83.6 Wh
2026-04-05 17:00:00,-3.91 Wh,-4.02 Wh,-28.8 Wh,-3.78 Wh,-103 Wh
2026-04-05 18:00:00,-3.74 Wh,-3.99 Wh,-28.7 Wh,-3.82 Wh,-102 Wh
2026-04-05 19:00:00,-3.34 Wh,-4.11 Wh,-29.1 Wh,-3.76 Wh,-96.4 Wh
2026-04-05 20:00:00,-3.28 Wh,-4.52 Wh,-28.0 Wh,-3.80 Wh,-93.1 Wh
2026-04-05 21:00:00,-3.31 Wh,-4.53 Wh,-27.6 Wh,-3.75 Wh,-36.7 Wh
2026-04-05 22:00:00,-3.58 Wh,-4.00 Wh,-27.7 Wh,-3.79 Wh,-37.9 Wh
2026-04-05 23:00:00,-3.32 Wh,-3.98 Wh,-28.0 Wh,-3.73 Wh,-30.5 Wh
2026-04-06 00:00:00,-3.06 Wh,-3.97 Wh,-27.8 Wh,-3.75 Wh,-29.9 Wh
2026-04-06 01:00:00,-3.03 Wh,-3.90 Wh,-28.1 Wh,-3.75 Wh,-30.0 Wh
2026-04-06 02:00:00,-3.22 Wh,-3.87 Wh,-27.9 Wh,-3.78 Wh,-29.5 Wh
2026-04-06 03:00:00,-2.86 Wh,-3.91 Wh,-27.7 Wh,-3.73 Wh,-29.8 Wh
2026-04-06 04:00:00,-861 mWh,-3.97 Wh,-27.7 Wh,-3.76 Wh,-25.0 Wh
2026-04-06 05:00:00,-777 mWh,-3.94 Wh,-27.6 Wh,-3.74 Wh,-13.6 Wh
2026-04-06 06:00:00,-696 mWh,-3.92 Wh,-27.8 Wh,-3.77 Wh,-9.84 Wh
2026-04-06 07:00:00,-623 mWh,-3.87 Wh,-27.7 Wh,-3.76 Wh,-6.57 Wh
2026-04-06 08:00:00,-2.14 Wh,-3.88 Wh,-27.9 Wh,-3.75 Wh,-135 Wh
2026-04-06 09:00:00,-1.98 Wh,-4.00 Wh,-27.8 Wh,-3.78 Wh,-229 Wh